Uuid,Void/Retire,Same as mappings,Fully specified name:en,Short name:en,Description:en,Fully specified name:fr,Short name:fr,Description:fr,Fully specified name:es,Short name:es,Description:es,Data class,Data type,Complex data handler,Answers,Members,Allow decimals,Units,Normal low,Normal high,Absolute low,Absolute high,_version:1,_order:1300
c9a1b6a6-4426-5846-9bcf-4a3250ecdc0d,,ISO-3166:AF,Afghanistan,AF,ISO 3166-1 alpha-2 country: AF,,,,Afghanistan,AF,Pais ISO 3166-1 alfa-2: AF,Misc,N/A,,,,,,,,,,,
bdb9f482-c3ca-5a1f-bc52-0cf6e20b0611,,ISO-3166:AL,Albania,AL,ISO 3166-1 alpha-2 country: AL,,,,Albania,AL,Pais ISO 3166-1 alfa-2: AL,Misc,N/A,,,,,,,,,,,
681ee7cc-a484-5b4b-b6ff-8126681049ea,,ISO-3166:DZ,Algeria,DZ,ISO 3166-1 alpha-2 country: DZ,,,,Algeria,DZ,Pais ISO 3166-1 alfa-2: DZ,Misc,N/A,,,,,,,,,,,
d52fc303-e5e1-5265-833a-6f657d0eb1f9,,ISO-3166:AS,American Samoa,AS,ISO 3166-1 alpha-2 country: AS,,,,American Samoa,AS,Pais ISO 3166-1 alfa-2: AS,Misc,N/A,,,,,,,,,,,
111e001d-14b7-573d-9027-7803b3342fed,,ISO-3166:AD,Andorra,AD,ISO 3166-1 alpha-2 country: AD,,,,Andorra,AD,Pais ISO 3166-1 alfa-2: AD,Misc,N/A,,,,,,,,,,,
bf95bffb-286b-5f4b-97d3-a3eea9c2c323,,ISO-3166:AO,Angola,AO,ISO 3166-1 alpha-2 country: AO,,,,Angola,AO,Pais ISO 3166-1 alfa-2: AO,Misc,N/A,,,,,,,,,,,
9b44ea6d-4ece-53cf-a3d3-cd99d14f5ffd,,ISO-3166:AI,Anguilla,AI,ISO 3166-1 alpha-2 country: AI,,,,Anguilla,AI,Pais ISO 3166-1 alfa-2: AI,Misc,N/A,,,,,,,,,,,
1289fb27-33d7-5c09-99af-edf9517e487f,,ISO-3166:AQ,Antarctica,AQ,ISO 3166-1 alpha-2 country: AQ,,,,Antarctica,AQ,Pais ISO 3166-1 alfa-2: AQ,Misc,N/A,,,,,,,,,,,
cadc6a04-f635-5d57-82b4-1605fe1b4908,,ISO-3166:AG,Antigua and Barbuda,AG,ISO 3166-1 alpha-2 country: AG,,,,Antigua and Barbuda,AG,Pais ISO 3166-1 alfa-2: AG,Misc,N/A,,,,,,,,,,,
d99e09e1-1159-54fa-97cf-cbfc7d73f799,,ISO-3166:AR,Argentina,AR,ISO 3166-1 alpha-2 country: AR,,,,Argentina,AR,Pais ISO 3166-1 alfa-2: AR,Misc,N/A,,,,,,,,,,,
e1c26906-766e-5bde-aa49-4f00afcd50fb,,ISO-3166:AM,Armenia,AM,ISO 3166-1 alpha-2 country: AM,,,,Armenia,AM,Pais ISO 3166-1 alfa-2: AM,Misc,N/A,,,,,,,,,,,
e6d732a7-0fec-5097-943a-2e46babace7f,,ISO-3166:AW,Aruba,AW,ISO 3166-1 alpha-2 country: AW,,,,Aruba,AW,Pais ISO 3166-1 alfa-2: AW,Misc,N/A,,,,,,,,,,,
24d1bbbe-ee94-5416-9739-0f714bf59245,,ISO-3166:AU,Australia,AU,ISO 3166-1 alpha-2 country: AU,,,,Australia,AU,Pais ISO 3166-1 alfa-2: AU,Misc,N/A,,,,,,,,,,,
6bb460a9-692e-5b73-b3fd-33e001bb934a,,ISO-3166:AT,Austria,AT,ISO 3166-1 alpha-2 country: AT,,,,Austria,AT,Pais ISO 3166-1 alfa-2: AT,Misc,N/A,,,,,,,,,,,
e7e7b4fb-bb7c-56f3-87cf-09f700f8e280,,ISO-3166:AZ,Azerbaijan,AZ,ISO 3166-1 alpha-2 country: AZ,,,,Azerbaijan,AZ,Pais ISO 3166-1 alfa-2: AZ,Misc,N/A,,,,,,,,,,,
2576c0ac-9ee9-5c35-9ba1-c73e0171e7ec,,ISO-3166:BS,Bahamas (the),BS,ISO 3166-1 alpha-2 country: BS,,,,Bahamas (the),BS,Pais ISO 3166-1 alfa-2: BS,Misc,N/A,,,,,,,,,,,
e9ca335b-648e-5d4d-92a3-2520d6148075,,ISO-3166:BH,Bahrain,BH,ISO 3166-1 alpha-2 country: BH,,,,Bahrain,BH,Pais ISO 3166-1 alfa-2: BH,Misc,N/A,,,,,,,,,,,
d4915383-a0b7-5f3b-86c8-da561ad9b967,,ISO-3166:BD,Bangladesh,BD,ISO 3166-1 alpha-2 country: BD,,,,Bangladesh,BD,Pais ISO 3166-1 alfa-2: BD,Misc,N/A,,,,,,,,,,,
3ad16910-d319-53ea-a388-125c942a574f,,ISO-3166:BB,Barbados,BB,ISO 3166-1 alpha-2 country: BB,,,,Barbados,BB,Pais ISO 3166-1 alfa-2: BB,Misc,N/A,,,,,,,,,,,
30c24596-11f8-5857-904d-069c3ec3abc8,,ISO-3166:BY,Belarus,BY,ISO 3166-1 alpha-2 country: BY,,,,Belarus,BY,Pais ISO 3166-1 alfa-2: BY,Misc,N/A,,,,,,,,,,,
9e2d58e3-a840-5bc4-a5db-93041e431a85,,ISO-3166:BE,Belgium,BE,ISO 3166-1 alpha-2 country: BE,,,,Belgium,BE,Pais ISO 3166-1 alfa-2: BE,Misc,N/A,,,,,,,,,,,
d8a53fb1-a81e-518c-b715-54f5a373936b,,ISO-3166:BZ,Belize,BZ,ISO 3166-1 alpha-2 country: BZ,,,,Belize,BZ,Pais ISO 3166-1 alfa-2: BZ,Misc,N/A,,,,,,,,,,,
6027f860-423e-5b48-b9a9-fce47e975c56,,ISO-3166:BJ,Benin,BJ,ISO 3166-1 alpha-2 country: BJ,,,,Benin,BJ,Pais ISO 3166-1 alfa-2: BJ,Misc,N/A,,,,,,,,,,,
e31c2268-daa4-502a-899a-85ebc94a1030,,ISO-3166:BM,Bermuda,BM,ISO 3166-1 alpha-2 country: BM,,,,Bermuda,BM,Pais ISO 3166-1 alfa-2: BM,Misc,N/A,,,,,,,,,,,
0612f31f-5d56-5b57-987f-c2397839f6c0,,ISO-3166:BT,Bhutan,BT,ISO 3166-1 alpha-2 country: BT,,,,Bhutan,BT,Pais ISO 3166-1 alfa-2: BT,Misc,N/A,,,,,,,,,,,
3666d343-7f2d-56fc-b4df-b33410974c5a,,ISO-3166:BO,Bolivia (Plurinational State of),BO,ISO 3166-1 alpha-2 country: BO,,,,Bolivia (Plurinational State of),BO,Pais ISO 3166-1 alfa-2: BO,Misc,N/A,,,,,,,,,,,
a4c520f8-fdab-5fe6-9552-d2d7b82965c8,,ISO-3166:BQ,"Bonaire, Sint Eustatius and Saba",BQ,ISO 3166-1 alpha-2 country: BQ,,,,"Bonaire, Sint Eustatius and Saba",BQ,Pais ISO 3166-1 alfa-2: BQ,Misc,N/A,,,,,,,,,,,
ad591ed0-69cb-57d7-8f2e-6e8190c99d40,,ISO-3166:BA,Bosnia and Herzegovina,BA,ISO 3166-1 alpha-2 country: BA,,,,Bosnia and Herzegovina,BA,Pais ISO 3166-1 alfa-2: BA,Misc,N/A,,,,,,,,,,,
708b327a-6e10-5302-956b-4ef1184caf97,,ISO-3166:BW,Botswana,BW,ISO 3166-1 alpha-2 country: BW,,,,Botswana,BW,Pais ISO 3166-1 alfa-2: BW,Misc,N/A,,,,,,,,,,,
fe8d7ae6-5e2d-5085-ab06-769900d3a181,,ISO-3166:BV,Bouvet Island,BV,ISO 3166-1 alpha-2 country: BV,,,,Bouvet Island,BV,Pais ISO 3166-1 alfa-2: BV,Misc,N/A,,,,,,,,,,,
1159e74c-50ab-5671-8540-459f598d63bc,,ISO-3166:BR,Brazil,BR,ISO 3166-1 alpha-2 country: BR,,,,Brazil,BR,Pais ISO 3166-1 alfa-2: BR,Misc,N/A,,,,,,,,,,,
03297fee-a0e3-5c98-aa3c-6641d4942a29,,ISO-3166:IO,British Indian Ocean Territory (the),IO,ISO 3166-1 alpha-2 country: IO,,,,British Indian Ocean Territory (the),IO,Pais ISO 3166-1 alfa-2: IO,Misc,N/A,,,,,,,,,,,
c9b794c9-75bc-5b52-ab97-968988517562,,ISO-3166:BN,Brunei Darussalam,BN,ISO 3166-1 alpha-2 country: BN,,,,Brunei Darussalam,BN,Pais ISO 3166-1 alfa-2: BN,Misc,N/A,,,,,,,,,,,
25b89e0b-9907-53e4-8d72-d99e0d3c4040,,ISO-3166:BG,Bulgaria,BG,ISO 3166-1 alpha-2 country: BG,,,,Bulgaria,BG,Pais ISO 3166-1 alfa-2: BG,Misc,N/A,,,,,,,,,,,
edc57ebd-c740-5d5c-aba5-0ee1388fb5af,,ISO-3166:BF,Burkina Faso,BF,ISO 3166-1 alpha-2 country: BF,,,,Burkina Faso,BF,Pais ISO 3166-1 alfa-2: BF,Misc,N/A,,,,,,,,,,,
6fcdd4b4-4de3-52eb-9fc9-c0216148d1e6,,ISO-3166:BI,Burundi,BI,ISO 3166-1 alpha-2 country: BI,,,,Burundi,BI,Pais ISO 3166-1 alfa-2: BI,Misc,N/A,,,,,,,,,,,
d062cc30-e817-5612-be04-43e4e83ff4fb,,ISO-3166:CV,Cabo Verde,CV,ISO 3166-1 alpha-2 country: CV,,,,Cabo Verde,CV,Pais ISO 3166-1 alfa-2: CV,Misc,N/A,,,,,,,,,,,
6cca75dc-ed0c-594d-b546-44223b03c075,,ISO-3166:KH,Cambodia,KH,ISO 3166-1 alpha-2 country: KH,,,,Cambodia,KH,Pais ISO 3166-1 alfa-2: KH,Misc,N/A,,,,,,,,,,,
f6232755-72de-5ccf-b59f-6efb09c068ae,,ISO-3166:CM,Cameroon,CM,ISO 3166-1 alpha-2 country: CM,,,,Cameroon,CM,Pais ISO 3166-1 alfa-2: CM,Misc,N/A,,,,,,,,,,,
44b54d64-3ad3-5f8c-81ac-184691a295ad,,ISO-3166:CA,Canada,CA,ISO 3166-1 alpha-2 country: CA,,,,Canada,CA,Pais ISO 3166-1 alfa-2: CA,Misc,N/A,,,,,,,,,,,
c002a71d-1597-583d-8d73-ee7fa5a89ed0,,ISO-3166:KY,Cayman Islands (the),KY,ISO 3166-1 alpha-2 country: KY,,,,Cayman Islands (the),KY,Pais ISO 3166-1 alfa-2: KY,Misc,N/A,,,,,,,,,,,
b2d32ef5-0bc9-5a16-91e4-da587107b445,,ISO-3166:CF,Central African Republic (the),CF,ISO 3166-1 alpha-2 country: CF,,,,Central African Republic (the),CF,Pais ISO 3166-1 alfa-2: CF,Misc,N/A,,,,,,,,,,,
b2309525-174f-502c-9898-98fb6ba26695,,ISO-3166:TD,Chad,TD,ISO 3166-1 alpha-2 country: TD,,,,Chad,TD,Pais ISO 3166-1 alfa-2: TD,Misc,N/A,,,,,,,,,,,
412194cd-1608-5c31-90d6-f08ebc200331,,ISO-3166:CL,Chile,CL,ISO 3166-1 alpha-2 country: CL,,,,Chile,CL,Pais ISO 3166-1 alfa-2: CL,Misc,N/A,,,,,,,,,,,
973f10df-7231-56ab-ae2f-8770a5be9c9d,,ISO-3166:CN,China,CN,ISO 3166-1 alpha-2 country: CN,,,,China,CN,Pais ISO 3166-1 alfa-2: CN,Misc,N/A,,,,,,,,,,,
f5ef702c-03c9-5d42-84b2-5430d0d7e8ae,,ISO-3166:CX,Christmas Island,CX,ISO 3166-1 alpha-2 country: CX,,,,Christmas Island,CX,Pais ISO 3166-1 alfa-2: CX,Misc,N/A,,,,,,,,,,,
a3dbb0fa-c152-5480-a213-6d8663cbe973,,ISO-3166:CC,Cocos (Keeling) Islands (the),CC,ISO 3166-1 alpha-2 country: CC,,,,Cocos (Keeling) Islands (the),CC,Pais ISO 3166-1 alfa-2: CC,Misc,N/A,,,,,,,,,,,
a66ae0dc-1f4a-5d69-a349-8c8a1943ad16,,ISO-3166:CO,Colombia,CO,ISO 3166-1 alpha-2 country: CO,,,,Colombia,CO,Pais ISO 3166-1 alfa-2: CO,Misc,N/A,,,,,,,,,,,
4516af43-d82c-5a66-b788-41b79ada4c63,,ISO-3166:KM,Comoros (the),KM,ISO 3166-1 alpha-2 country: KM,,,,Comoros (the),KM,Pais ISO 3166-1 alfa-2: KM,Misc,N/A,,,,,,,,,,,
ff46f35e-00dd-54c2-ad7e-fac3311912f3,,ISO-3166:CD,Congo (the Democratic Republic of the),CD,ISO 3166-1 alpha-2 country: CD,,,,Congo (the Democratic Republic of the),CD,Pais ISO 3166-1 alfa-2: CD,Misc,N/A,,,,,,,,,,,
ec7ffe2a-f7db-52cf-84a0-1f53a3a61b23,,ISO-3166:CG,Congo (the),CG,ISO 3166-1 alpha-2 country: CG,,,,Congo (the),CG,Pais ISO 3166-1 alfa-2: CG,Misc,N/A,,,,,,,,,,,
552da28d-8b43-5cea-95d9-f47fc95eca90,,ISO-3166:CK,Cook Islands (the),CK,ISO 3166-1 alpha-2 country: CK,,,,Cook Islands (the),CK,Pais ISO 3166-1 alfa-2: CK,Misc,N/A,,,,,,,,,,,
f187c1d4-aabe-56d4-8bfc-8206e98b4e5e,,ISO-3166:CR,Costa Rica,CR,ISO 3166-1 alpha-2 country: CR,,,,Costa Rica,CR,Pais ISO 3166-1 alfa-2: CR,Misc,N/A,,,,,,,,,,,
2190469d-68fa-5155-b6f4-fd3cffd7cd60,,ISO-3166:HR,Croatia,HR,ISO 3166-1 alpha-2 country: HR,,,,Croatia,HR,Pais ISO 3166-1 alfa-2: HR,Misc,N/A,,,,,,,,,,,
7b689b8a-a000-5ab0-a6cd-5670282fa737,,ISO-3166:CU,Cuba,CU,ISO 3166-1 alpha-2 country: CU,,,,Cuba,CU,Pais ISO 3166-1 alfa-2: CU,Misc,N/A,,,,,,,,,,,
f5d82d75-02e6-5838-98fc-404559d45b9f,,ISO-3166:CW,Curaçao,CW,ISO 3166-1 alpha-2 country: CW,,,,Curaçao,CW,Pais ISO 3166-1 alfa-2: CW,Misc,N/A,,,,,,,,,,,
a7277765-326a-5869-b698-2f14f3d8018d,,ISO-3166:CY,Cyprus,CY,ISO 3166-1 alpha-2 country: CY,,,,Cyprus,CY,Pais ISO 3166-1 alfa-2: CY,Misc,N/A,,,,,,,,,,,
d3853ca8-cf2c-50e1-b586-b040a0e47af9,,ISO-3166:CZ,Czechia,CZ,ISO 3166-1 alpha-2 country: CZ,,,,Czechia,CZ,Pais ISO 3166-1 alfa-2: CZ,Misc,N/A,,,,,,,,,,,
314ff30b-42d6-5c6d-94d5-68454cb00627,,ISO-3166:CI,Côte d'Ivoire,CI,ISO 3166-1 alpha-2 country: CI,,,,Côte d'Ivoire,CI,Pais ISO 3166-1 alfa-2: CI,Misc,N/A,,,,,,,,,,,
3a394a8f-4bd2-5722-a501-5ae147384e44,,ISO-3166:DK,Denmark,DK,ISO 3166-1 alpha-2 country: DK,,,,Denmark,DK,Pais ISO 3166-1 alfa-2: DK,Misc,N/A,,,,,,,,,,,
a2daf2ec-aebf-5047-8e08-6b39d3777718,,ISO-3166:DJ,Djibouti,DJ,ISO 3166-1 alpha-2 country: DJ,,,,Djibouti,DJ,Pais ISO 3166-1 alfa-2: DJ,Misc,N/A,,,,,,,,,,,
848dcb30-f5a1-53d5-82f0-98de702600e8,,ISO-3166:DM,Dominica,DM,ISO 3166-1 alpha-2 country: DM,,,,Dominica,DM,Pais ISO 3166-1 alfa-2: DM,Misc,N/A,,,,,,,,,,,
e7f157b1-b45a-5d8f-9bad-f400528af273,,ISO-3166:DO,Dominican Republic (the),DO,ISO 3166-1 alpha-2 country: DO,,,,Dominican Republic (the),DO,Pais ISO 3166-1 alfa-2: DO,Misc,N/A,,,,,,,,,,,
247a1a03-7203-5369-a0ef-3263f152a7a8,,ISO-3166:EC,Ecuador,EC,ISO 3166-1 alpha-2 country: EC,,,,Ecuador,EC,Pais ISO 3166-1 alfa-2: EC,Misc,N/A,,,,,,,,,,,
f2cd8114-1f91-51ff-80e3-8672b4d59e1a,,ISO-3166:EG,Egypt,EG,ISO 3166-1 alpha-2 country: EG,,,,Egypt,EG,Pais ISO 3166-1 alfa-2: EG,Misc,N/A,,,,,,,,,,,
aaae2c8f-bb66-50a4-9940-67fba9cf18dc,,ISO-3166:SV,El Salvador,SV,ISO 3166-1 alpha-2 country: SV,,,,El Salvador,SV,Pais ISO 3166-1 alfa-2: SV,Misc,N/A,,,,,,,,,,,
864a345d-aec3-5de2-b7f6-e20dd48d81b2,,ISO-3166:GQ,Equatorial Guinea,GQ,ISO 3166-1 alpha-2 country: GQ,,,,Equatorial Guinea,GQ,Pais ISO 3166-1 alfa-2: GQ,Misc,N/A,,,,,,,,,,,
841d0e8e-8ec2-56cb-95db-5a87fae47ee9,,ISO-3166:ER,Eritrea,ER,ISO 3166-1 alpha-2 country: ER,,,,Eritrea,ER,Pais ISO 3166-1 alfa-2: ER,Misc,N/A,,,,,,,,,,,
1dca98a2-8257-51a2-8e53-3f7db02c8592,,ISO-3166:EE,Estonia,EE,ISO 3166-1 alpha-2 country: EE,,,,Estonia,EE,Pais ISO 3166-1 alfa-2: EE,Misc,N/A,,,,,,,,,,,
a75d6b64-a809-5dc5-a022-4a337f950e69,,ISO-3166:SZ,Eswatini,SZ,ISO 3166-1 alpha-2 country: SZ,,,,Eswatini,SZ,Pais ISO 3166-1 alfa-2: SZ,Misc,N/A,,,,,,,,,,,
2987a83f-176c-55d7-a88f-b3539a905104,,ISO-3166:ET,Ethiopia,ET,ISO 3166-1 alpha-2 country: ET,,,,Ethiopia,ET,Pais ISO 3166-1 alfa-2: ET,Misc,N/A,,,,,,,,,,,
a4aa77bd-6677-50fa-bdd9-a3100f5dad86,,ISO-3166:FK,Falkland Islands (the) [Malvinas],FK,ISO 3166-1 alpha-2 country: FK,,,,Falkland Islands (the) [Malvinas],FK,Pais ISO 3166-1 alfa-2: FK,Misc,N/A,,,,,,,,,,,
dd0b9bdb-f62e-57be-8cb5-ff8b5d9b1c95,,ISO-3166:FO,Faroe Islands (the),FO,ISO 3166-1 alpha-2 country: FO,,,,Faroe Islands (the),FO,Pais ISO 3166-1 alfa-2: FO,Misc,N/A,,,,,,,,,,,
37ffe077-e29b-5fc1-a7db-4f7455016e00,,ISO-3166:FJ,Fiji,FJ,ISO 3166-1 alpha-2 country: FJ,,,,Fiji,FJ,Pais ISO 3166-1 alfa-2: FJ,Misc,N/A,,,,,,,,,,,
9f373a41-4f8e-565a-adca-ab5cb07b740b,,ISO-3166:FI,Finland,FI,ISO 3166-1 alpha-2 country: FI,,,,Finland,FI,Pais ISO 3166-1 alfa-2: FI,Misc,N/A,,,,,,,,,,,
d87f597a-8973-5bb7-b035-a00de37841af,,ISO-3166:FR,France,FR,ISO 3166-1 alpha-2 country: FR,,,,France,FR,Pais ISO 3166-1 alfa-2: FR,Misc,N/A,,,,,,,,,,,
ea7bca39-0b93-5bf3-b3aa-49def554304d,,ISO-3166:GF,French Guiana,GF,ISO 3166-1 alpha-2 country: GF,,,,French Guiana,GF,Pais ISO 3166-1 alfa-2: GF,Misc,N/A,,,,,,,,,,,
b853131c-e825-56b5-93fe-c2ad71a6f020,,ISO-3166:PF,French Polynesia,PF,ISO 3166-1 alpha-2 country: PF,,,,French Polynesia,PF,Pais ISO 3166-1 alfa-2: PF,Misc,N/A,,,,,,,,,,,
f9d55343-a025-5c94-9cea-c7a2c8150b31,,ISO-3166:TF,French Southern Territories (the),TF,ISO 3166-1 alpha-2 country: TF,,,,French Southern Territories (the),TF,Pais ISO 3166-1 alfa-2: TF,Misc,N/A,,,,,,,,,,,
539343e7-9018-5edf-a5d5-3adf30a457e0,,ISO-3166:GA,Gabon,GA,ISO 3166-1 alpha-2 country: GA,,,,Gabon,GA,Pais ISO 3166-1 alfa-2: GA,Misc,N/A,,,,,,,,,,,
893f3c1d-a684-5f67-be8a-261e434cb620,,ISO-3166:GM,Gambia (the),GM,ISO 3166-1 alpha-2 country: GM,,,,Gambia (the),GM,Pais ISO 3166-1 alfa-2: GM,Misc,N/A,,,,,,,,,,,
3552ef38-e9a9-5ae3-a4d6-a9689d4fad5b,,ISO-3166:GE,Georgia,GE,ISO 3166-1 alpha-2 country: GE,,,,Georgia,GE,Pais ISO 3166-1 alfa-2: GE,Misc,N/A,,,,,,,,,,,
29ff796f-3d82-574e-92e4-ddd8cf8f300d,,ISO-3166:DE,Germany,DE,ISO 3166-1 alpha-2 country: DE,,,,Germany,DE,Pais ISO 3166-1 alfa-2: DE,Misc,N/A,,,,,,,,,,,
9a9b5446-5a8e-5148-b2d9-02a2f6818755,,ISO-3166:GH,Ghana,GH,ISO 3166-1 alpha-2 country: GH,,,,Ghana,GH,Pais ISO 3166-1 alfa-2: GH,Misc,N/A,,,,,,,,,,,
b05e51f6-7dd9-5cf2-a9ee-72babb964abd,,ISO-3166:GI,Gibraltar,GI,ISO 3166-1 alpha-2 country: GI,,,,Gibraltar,GI,Pais ISO 3166-1 alfa-2: GI,Misc,N/A,,,,,,,,,,,
0090309c-3208-592f-a71a-edb77cece7aa,,ISO-3166:GR,Greece,GR,ISO 3166-1 alpha-2 country: GR,,,,Greece,GR,Pais ISO 3166-1 alfa-2: GR,Misc,N/A,,,,,,,,,,,
6974aa41-02e1-59fb-a2db-3d426e930408,,ISO-3166:GL,Greenland,GL,ISO 3166-1 alpha-2 country: GL,,,,Greenland,GL,Pais ISO 3166-1 alfa-2: GL,Misc,N/A,,,,,,,,,,,
f2a136dd-d544-59f3-935b-ecfaa0fcb1f3,,ISO-3166:GD,Grenada,GD,ISO 3166-1 alpha-2 country: GD,,,,Grenada,GD,Pais ISO 3166-1 alfa-2: GD,Misc,N/A,,,,,,,,,,,
d8f06864-8cf4-58ca-9fe6-3f7235932964,,ISO-3166:GP,Guadeloupe,GP,ISO 3166-1 alpha-2 country: GP,,,,Guadeloupe,GP,Pais ISO 3166-1 alfa-2: GP,Misc,N/A,,,,,,,,,,,
81ff5834-ec5a-5015-82df-03f574baea91,,ISO-3166:GU,Guam,GU,ISO 3166-1 alpha-2 country: GU,,,,Guam,GU,Pais ISO 3166-1 alfa-2: GU,Misc,N/A,,,,,,,,,,,
40e88877-a199-5c45-ad57-4514e4cde8a3,,ISO-3166:GT,Guatemala,GT,ISO 3166-1 alpha-2 country: GT,,,,Guatemala,GT,Pais ISO 3166-1 alfa-2: GT,Misc,N/A,,,,,,,,,,,
94b9a394-ef84-5c62-873c-20148f8b1dac,,ISO-3166:GG,Guernsey,GG,ISO 3166-1 alpha-2 country: GG,,,,Guernsey,GG,Pais ISO 3166-1 alfa-2: GG,Misc,N/A,,,,,,,,,,,
8aa8afe7-9334-5bc2-85d7-46021d2763ca,,ISO-3166:GN,Guinea,GN,ISO 3166-1 alpha-2 country: GN,,,,Guinea,GN,Pais ISO 3166-1 alfa-2: GN,Misc,N/A,,,,,,,,,,,
85ef6996-4fc7-5e72-8e97-a78c0f93a978,,ISO-3166:GW,Guinea-Bissau,GW,ISO 3166-1 alpha-2 country: GW,,,,Guinea-Bissau,GW,Pais ISO 3166-1 alfa-2: GW,Misc,N/A,,,,,,,,,,,
258ce64f-d993-5e4a-9a54-0811fc223167,,ISO-3166:GY,Guyana,GY,ISO 3166-1 alpha-2 country: GY,,,,Guyana,GY,Pais ISO 3166-1 alfa-2: GY,Misc,N/A,,,,,,,,,,,
a7a5bd34-10b1-5b6c-87ae-5375fde9bdeb,,ISO-3166:HT,Haiti,HT,ISO 3166-1 alpha-2 country: HT,,,,Haiti,HT,Pais ISO 3166-1 alfa-2: HT,Misc,N/A,,,,,,,,,,,
65be5c3e-75f5-58cd-9aee-ffb5bf3f3e93,,ISO-3166:HM,Heard Island and McDonald Islands,HM,ISO 3166-1 alpha-2 country: HM,,,,Heard Island and McDonald Islands,HM,Pais ISO 3166-1 alfa-2: HM,Misc,N/A,,,,,,,,,,,
84686bac-3a11-5858-b716-3a0889a565d9,,ISO-3166:VA,Holy See (the),VA,ISO 3166-1 alpha-2 country: VA,,,,Holy See (the),VA,Pais ISO 3166-1 alfa-2: VA,Misc,N/A,,,,,,,,,,,
e911d059-d3c2-5200-8161-c20ea202eb8d,,ISO-3166:HN,Honduras,HN,ISO 3166-1 alpha-2 country: HN,,,,Honduras,HN,Pais ISO 3166-1 alfa-2: HN,Misc,N/A,,,,,,,,,,,
2b728461-89d0-5350-8710-49cf57f6ba59,,ISO-3166:HK,Hong Kong,HK,ISO 3166-1 alpha-2 country: HK,,,,Hong Kong,HK,Pais ISO 3166-1 alfa-2: HK,Misc,N/A,,,,,,,,,,,
b6bd4d18-734e-50bc-bc48-8746ea6833f3,,ISO-3166:HU,Hungary,HU,ISO 3166-1 alpha-2 country: HU,,,,Hungary,HU,Pais ISO 3166-1 alfa-2: HU,Misc,N/A,,,,,,,,,,,
b7f52ec9-971c-5fc1-b8f0-9139419f997f,,ISO-3166:IS,Iceland,IS,ISO 3166-1 alpha-2 country: IS,,,,Iceland,IS,Pais ISO 3166-1 alfa-2: IS,Misc,N/A,,,,,,,,,,,
00219a4f-ae9d-5646-bbe8-30ad955d1eae,,ISO-3166:IN,India,IN,ISO 3166-1 alpha-2 country: IN,,,,India,IN,Pais ISO 3166-1 alfa-2: IN,Misc,N/A,,,,,,,,,,,
a5c2e170-4ca2-5c02-ab17-fa8ae3d58f1c,,ISO-3166:ID,Indonesia,ID,ISO 3166-1 alpha-2 country: ID,,,,Indonesia,ID,Pais ISO 3166-1 alfa-2: ID,Misc,N/A,,,,,,,,,,,
cde6615f-2c13-50a4-a2cc-fbab79ea9ba2,,ISO-3166:IR,Iran (Islamic Republic of),IR,ISO 3166-1 alpha-2 country: IR,,,,Iran (Islamic Republic of),IR,Pais ISO 3166-1 alfa-2: IR,Misc,N/A,,,,,,,,,,,
80bc40b8-9b2e-54c3-9ca7-f2e61258614a,,ISO-3166:IQ,Iraq,IQ,ISO 3166-1 alpha-2 country: IQ,,,,Iraq,IQ,Pais ISO 3166-1 alfa-2: IQ,Misc,N/A,,,,,,,,,,,
860314c4-0195-5c44-9f82-3074384229e8,,ISO-3166:IE,Ireland,IE,ISO 3166-1 alpha-2 country: IE,,,,Ireland,IE,Pais ISO 3166-1 alfa-2: IE,Misc,N/A,,,,,,,,,,,
58f78d54-e052-5bda-9d13-99dec4c09961,,ISO-3166:IM,Isle of Man,IM,ISO 3166-1 alpha-2 country: IM,,,,Isle of Man,IM,Pais ISO 3166-1 alfa-2: IM,Misc,N/A,,,,,,,,,,,
da6017ee-6052-5fbc-81fd-fe4904cb52d1,,ISO-3166:IL,Israel,IL,ISO 3166-1 alpha-2 country: IL,,,,Israel,IL,Pais ISO 3166-1 alfa-2: IL,Misc,N/A,,,,,,,,,,,
bd36e432-2dc2-5183-aaf0-7b80ecdc0e3d,,ISO-3166:IT,Italy,IT,ISO 3166-1 alpha-2 country: IT,,,,Italy,IT,Pais ISO 3166-1 alfa-2: IT,Misc,N/A,,,,,,,,,,,
34b92264-7fbc-54d7-86dc-1afa8f7d1117,,ISO-3166:JM,Jamaica,JM,ISO 3166-1 alpha-2 country: JM,,,,Jamaica,JM,Pais ISO 3166-1 alfa-2: JM,Misc,N/A,,,,,,,,,,,
29e8258a-b1af-583b-8f6f-a87dca9c6017,,ISO-3166:JP,Japan,JP,ISO 3166-1 alpha-2 country: JP,,,,Japan,JP,Pais ISO 3166-1 alfa-2: JP,Misc,N/A,,,,,,,,,,,
2010658b-1290-5a7f-b9b1-fa321c877e9c,,ISO-3166:JE,Jersey,JE,ISO 3166-1 alpha-2 country: JE,,,,Jersey,JE,Pais ISO 3166-1 alfa-2: JE,Misc,N/A,,,,,,,,,,,
986e48ba-7ac3-5c39-b807-5bc8db7f87fd,,ISO-3166:JO,Jordan,JO,ISO 3166-1 alpha-2 country: JO,,,,Jordan,JO,Pais ISO 3166-1 alfa-2: JO,Misc,N/A,,,,,,,,,,,
eb39a235-61c6-50ab-bd3e-38b5f5e28166,,ISO-3166:KZ,Kazakhstan,KZ,ISO 3166-1 alpha-2 country: KZ,,,,Kazakhstan,KZ,Pais ISO 3166-1 alfa-2: KZ,Misc,N/A,,,,,,,,,,,
ce97eb01-71b3-5c59-93b3-e7c039a2fe62,,ISO-3166:KE,Kenya,KE,ISO 3166-1 alpha-2 country: KE,,,,Kenya,KE,Pais ISO 3166-1 alfa-2: KE,Misc,N/A,,,,,,,,,,,
297d2b88-4487-5e09-8b17-9e1143e7397a,,ISO-3166:KI,Kiribati,KI,ISO 3166-1 alpha-2 country: KI,,,,Kiribati,KI,Pais ISO 3166-1 alfa-2: KI,Misc,N/A,,,,,,,,,,,
2bd4f9ae-1e84-5867-8e24-e4d01b2ab908,,ISO-3166:KP,Korea (the Democratic People's Republic of),KP,ISO 3166-1 alpha-2 country: KP,,,,Korea (the Democratic People's Republic of),KP,Pais ISO 3166-1 alfa-2: KP,Misc,N/A,,,,,,,,,,,
01df4031-00ab-5c9c-bd3f-c174f6cdcafe,,ISO-3166:KR,Korea (the Republic of),KR,ISO 3166-1 alpha-2 country: KR,,,,Korea (the Republic of),KR,Pais ISO 3166-1 alfa-2: KR,Misc,N/A,,,,,,,,,,,
4a819c84-cb0e-5c2f-8552-1fab262ad79c,,ISO-3166:KW,Kuwait,KW,ISO 3166-1 alpha-2 country: KW,,,,Kuwait,KW,Pais ISO 3166-1 alfa-2: KW,Misc,N/A,,,,,,,,,,,
87d19508-b8b6-5ed3-b026-35dbec073cad,,ISO-3166:KG,Kyrgyzstan,KG,ISO 3166-1 alpha-2 country: KG,,,,Kyrgyzstan,KG,Pais ISO 3166-1 alfa-2: KG,Misc,N/A,,,,,,,,,,,
df88e033-e19a-51cf-8604-c89d14e5b875,,ISO-3166:LA,Lao People's Democratic Republic (the),LA,ISO 3166-1 alpha-2 country: LA,,,,Lao People's Democratic Republic (the),LA,Pais ISO 3166-1 alfa-2: LA,Misc,N/A,,,,,,,,,,,
21b5cf4c-dcb3-57af-bfba-47897e733111,,ISO-3166:LV,Latvia,LV,ISO 3166-1 alpha-2 country: LV,,,,Latvia,LV,Pais ISO 3166-1 alfa-2: LV,Misc,N/A,,,,,,,,,,,
1a6ab684-26a5-5a05-a119-0836f58cad54,,ISO-3166:LB,Lebanon,LB,ISO 3166-1 alpha-2 country: LB,,,,Lebanon,LB,Pais ISO 3166-1 alfa-2: LB,Misc,N/A,,,,,,,,,,,
b9a99ff1-3975-5d79-8776-b9921e03eb86,,ISO-3166:LS,Lesotho,LS,ISO 3166-1 alpha-2 country: LS,,,,Lesotho,LS,Pais ISO 3166-1 alfa-2: LS,Misc,N/A,,,,,,,,,,,
c286ca66-dbc6-58cd-b8e8-6c86d5eddcae,,ISO-3166:LR,Liberia,LR,ISO 3166-1 alpha-2 country: LR,,,,Liberia,LR,Pais ISO 3166-1 alfa-2: LR,Misc,N/A,,,,,,,,,,,
b37a6ec7-97be-51fd-a2f3-e6fb7bfa09c1,,ISO-3166:LY,Libya,LY,ISO 3166-1 alpha-2 country: LY,,,,Libya,LY,Pais ISO 3166-1 alfa-2: LY,Misc,N/A,,,,,,,,,,,
c70348fa-a295-5be7-940d-6caca4551a0f,,ISO-3166:LI,Liechtenstein,LI,ISO 3166-1 alpha-2 country: LI,,,,Liechtenstein,LI,Pais ISO 3166-1 alfa-2: LI,Misc,N/A,,,,,,,,,,,
4b94f2c4-9d90-5a80-b0af-96b42ff1c56b,,ISO-3166:LT,Lithuania,LT,ISO 3166-1 alpha-2 country: LT,,,,Lithuania,LT,Pais ISO 3166-1 alfa-2: LT,Misc,N/A,,,,,,,,,,,
42debe18-71ef-5ab3-86cb-2a64cc89881e,,ISO-3166:LU,Luxembourg,LU,ISO 3166-1 alpha-2 country: LU,,,,Luxembourg,LU,Pais ISO 3166-1 alfa-2: LU,Misc,N/A,,,,,,,,,,,
447c23b4-fbfd-5a89-81b6-d3d7abd92168,,ISO-3166:MO,Macao,MO,ISO 3166-1 alpha-2 country: MO,,,,Macao,MO,Pais ISO 3166-1 alfa-2: MO,Misc,N/A,,,,,,,,,,,
5903becc-7fcd-5dff-a7a1-165bbc75050f,,ISO-3166:MG,Madagascar,MG,ISO 3166-1 alpha-2 country: MG,,,,Madagascar,MG,Pais ISO 3166-1 alfa-2: MG,Misc,N/A,,,,,,,,,,,
79d9f076-8ea3-5002-b4c7-82eb40fce9cf,,ISO-3166:MW,Malawi,MW,ISO 3166-1 alpha-2 country: MW,,,,Malawi,MW,Pais ISO 3166-1 alfa-2: MW,Misc,N/A,,,,,,,,,,,
980fb201-75d1-56a4-8a6b-84130a2f3be2,,ISO-3166:MY,Malaysia,MY,ISO 3166-1 alpha-2 country: MY,,,,Malaysia,MY,Pais ISO 3166-1 alfa-2: MY,Misc,N/A,,,,,,,,,,,
bbb5d14e-7e3f-5ecf-91b6-61f4cf4db065,,ISO-3166:MV,Maldives,MV,ISO 3166-1 alpha-2 country: MV,,,,Maldives,MV,Pais ISO 3166-1 alfa-2: MV,Misc,N/A,,,,,,,,,,,
499cbe11-ad0f-51a3-9c8c-f62560af6398,,ISO-3166:ML,Mali,ML,ISO 3166-1 alpha-2 country: ML,,,,Mali,ML,Pais ISO 3166-1 alfa-2: ML,Misc,N/A,,,,,,,,,,,
997674af-995a-53a1-a3e4-5360b0f708de,,ISO-3166:MT,Malta,MT,ISO 3166-1 alpha-2 country: MT,,,,Malta,MT,Pais ISO 3166-1 alfa-2: MT,Misc,N/A,,,,,,,,,,,
060f73f6-4713-5462-a6d0-2efb49625610,,ISO-3166:MH,Marshall Islands (the),MH,ISO 3166-1 alpha-2 country: MH,,,,Marshall Islands (the),MH,Pais ISO 3166-1 alfa-2: MH,Misc,N/A,,,,,,,,,,,
4c96edc9-0790-5aea-a170-62920f0d47a2,,ISO-3166:MQ,Martinique,MQ,ISO 3166-1 alpha-2 country: MQ,,,,Martinique,MQ,Pais ISO 3166-1 alfa-2: MQ,Misc,N/A,,,,,,,,,,,
74b5d55d-322c-584d-b677-a5ff7be5e54c,,ISO-3166:MR,Mauritania,MR,ISO 3166-1 alpha-2 country: MR,,,,Mauritania,MR,Pais ISO 3166-1 alfa-2: MR,Misc,N/A,,,,,,,,,,,
baf53971-dc27-584a-b9b7-f4c7ebf13eb1,,ISO-3166:MU,Mauritius,MU,ISO 3166-1 alpha-2 country: MU,,,,Mauritius,MU,Pais ISO 3166-1 alfa-2: MU,Misc,N/A,,,,,,,,,,,
5321d244-53f7-52de-b991-8265de4d6408,,ISO-3166:YT,Mayotte,YT,ISO 3166-1 alpha-2 country: YT,,,,Mayotte,YT,Pais ISO 3166-1 alfa-2: YT,Misc,N/A,,,,,,,,,,,
3b9ac1ee-5c9d-5387-88d5-9231b6d28c26,,ISO-3166:MX,Mexico,MX,ISO 3166-1 alpha-2 country: MX,,,,Mexico,MX,Pais ISO 3166-1 alfa-2: MX,Misc,N/A,,,,,,,,,,,
f9bf525b-5a24-5109-ba9f-2e6f2c09cd9a,,ISO-3166:FM,Micronesia (Federated States of),FM,ISO 3166-1 alpha-2 country: FM,,,,Micronesia (Federated States of),FM,Pais ISO 3166-1 alfa-2: FM,Misc,N/A,,,,,,,,,,,
fe2288a8-3290-56be-9532-6f216ac6386b,,ISO-3166:MD,Moldova (the Republic of),MD,ISO 3166-1 alpha-2 country: MD,,,,Moldova (the Republic of),MD,Pais ISO 3166-1 alfa-2: MD,Misc,N/A,,,,,,,,,,,
7a0ed342-b18a-541f-8d60-1c3672918b26,,ISO-3166:MC,Monaco,MC,ISO 3166-1 alpha-2 country: MC,,,,Monaco,MC,Pais ISO 3166-1 alfa-2: MC,Misc,N/A,,,,,,,,,,,
a5f35a1a-fb6a-5ab6-b0c1-15a140334336,,ISO-3166:MN,Mongolia,MN,ISO 3166-1 alpha-2 country: MN,,,,Mongolia,MN,Pais ISO 3166-1 alfa-2: MN,Misc,N/A,,,,,,,,,,,
d89b2af9-73c5-59f8-81ac-e4c9e341e0d8,,ISO-3166:ME,Montenegro,ME,ISO 3166-1 alpha-2 country: ME,,,,Montenegro,ME,Pais ISO 3166-1 alfa-2: ME,Misc,N/A,,,,,,,,,,,
b16e80f0-5b3e-54f9-8830-fc5e5e0f150b,,ISO-3166:MS,Montserrat,MS,ISO 3166-1 alpha-2 country: MS,,,,Montserrat,MS,Pais ISO 3166-1 alfa-2: MS,Misc,N/A,,,,,,,,,,,
c6fc7be0-5730-5681-ba6e-26fe750549e2,,ISO-3166:MA,Morocco,MA,ISO 3166-1 alpha-2 country: MA,,,,Morocco,MA,Pais ISO 3166-1 alfa-2: MA,Misc,N/A,,,,,,,,,,,
c23d408a-5b45-53af-bbed-763a641411f4,,ISO-3166:MZ,Mozambique,MZ,ISO 3166-1 alpha-2 country: MZ,,,,Mozambique,MZ,Pais ISO 3166-1 alfa-2: MZ,Misc,N/A,,,,,,,,,,,
ec105063-0da0-582f-b386-7b3da32079cb,,ISO-3166:MM,Myanmar,MM,ISO 3166-1 alpha-2 country: MM,,,,Myanmar,MM,Pais ISO 3166-1 alfa-2: MM,Misc,N/A,,,,,,,,,,,
8b4fbfb2-5d59-515e-8fc4-524323a8e951,,ISO-3166:NA,Namibia,NA,ISO 3166-1 alpha-2 country: NA,,,,Namibia,NA,Pais ISO 3166-1 alfa-2: NA,Misc,N/A,,,,,,,,,,,
46c1b32d-55d4-579b-9a0d-8ec52f2afcad,,ISO-3166:NR,Nauru,NR,ISO 3166-1 alpha-2 country: NR,,,,Nauru,NR,Pais ISO 3166-1 alfa-2: NR,Misc,N/A,,,,,,,,,,,
df4c343f-a82a-5162-8d45-3a9c8d168a5b,,ISO-3166:NP,Nepal,NP,ISO 3166-1 alpha-2 country: NP,,,,Nepal,NP,Pais ISO 3166-1 alfa-2: NP,Misc,N/A,,,,,,,,,,,
6d856711-c7f8-5bed-80a0-4272331941cf,,ISO-3166:NL,Netherlands (the),NL,ISO 3166-1 alpha-2 country: NL,,,,Netherlands (the),NL,Pais ISO 3166-1 alfa-2: NL,Misc,N/A,,,,,,,,,,,
2a6b1e9e-c654-534e-8c5d-9be857fd12e5,,ISO-3166:NC,New Caledonia,NC,ISO 3166-1 alpha-2 country: NC,,,,New Caledonia,NC,Pais ISO 3166-1 alfa-2: NC,Misc,N/A,,,,,,,,,,,
06eedf81-2d16-549b-8b98-32f0af9a798b,,ISO-3166:NZ,New Zealand,NZ,ISO 3166-1 alpha-2 country: NZ,,,,New Zealand,NZ,Pais ISO 3166-1 alfa-2: NZ,Misc,N/A,,,,,,,,,,,
8c4d906e-27e9-5cca-a88d-ab1e0b03df79,,ISO-3166:NI,Nicaragua,NI,ISO 3166-1 alpha-2 country: NI,,,,Nicaragua,NI,Pais ISO 3166-1 alfa-2: NI,Misc,N/A,,,,,,,,,,,
e27e48d7-52ff-5d74-ad26-ac53341a58e0,,ISO-3166:NE,Niger (the),NE,ISO 3166-1 alpha-2 country: NE,,,,Niger (the),NE,Pais ISO 3166-1 alfa-2: NE,Misc,N/A,,,,,,,,,,,
50f605cd-f2ae-5444-99ef-be480b11e499,,ISO-3166:NG,Nigeria,NG,ISO 3166-1 alpha-2 country: NG,,,,Nigeria,NG,Pais ISO 3166-1 alfa-2: NG,Misc,N/A,,,,,,,,,,,
c34be821-1585-5d70-9ab6-06e439639730,,ISO-3166:NU,Niue,NU,ISO 3166-1 alpha-2 country: NU,,,,Niue,NU,Pais ISO 3166-1 alfa-2: NU,Misc,N/A,,,,,,,,,,,
cb0c5c94-c1f1-5ec6-b555-efaa76984b15,,ISO-3166:NF,Norfolk Island,NF,ISO 3166-1 alpha-2 country: NF,,,,Norfolk Island,NF,Pais ISO 3166-1 alfa-2: NF,Misc,N/A,,,,,,,,,,,
a2a3d703-888e-5462-b0d1-b0c2929fff08,,ISO-3166:MK,North Macedonia,MK,ISO 3166-1 alpha-2 country: MK,,,,North Macedonia,MK,Pais ISO 3166-1 alfa-2: MK,Misc,N/A,,,,,,,,,,,
262f4121-57fa-5d07-8643-ae6b035b4a5a,,ISO-3166:MP,Northern Mariana Islands (the),MP,ISO 3166-1 alpha-2 country: MP,,,,Northern Mariana Islands (the),MP,Pais ISO 3166-1 alfa-2: MP,Misc,N/A,,,,,,,,,,,
03edda14-7524-5fae-8814-c41057754908,,ISO-3166:NO,Norway,NO,ISO 3166-1 alpha-2 country: NO,,,,Norway,NO,Pais ISO 3166-1 alfa-2: NO,Misc,N/A,,,,,,,,,,,
3f114428-abba-5d25-a4db-56c9b5bf1aeb,,ISO-3166:OM,Oman,OM,ISO 3166-1 alpha-2 country: OM,,,,Oman,OM,Pais ISO 3166-1 alfa-2: OM,Misc,N/A,,,,,,,,,,,
e27b8fcd-fbe2-5abc-8dd6-eae9b0867231,,ISO-3166:PK,Pakistan,PK,ISO 3166-1 alpha-2 country: PK,,,,Pakistan,PK,Pais ISO 3166-1 alfa-2: PK,Misc,N/A,,,,,,,,,,,
cfbea9a1-b4bc-5ba9-91d3-9e3584b2912b,,ISO-3166:PW,Palau,PW,ISO 3166-1 alpha-2 country: PW,,,,Palau,PW,Pais ISO 3166-1 alfa-2: PW,Misc,N/A,,,,,,,,,,,
3adf7a0d-a4b7-52ba-9127-05b37f782fb5,,ISO-3166:PS,"Palestine, State of",PS,ISO 3166-1 alpha-2 country: PS,,,,"Palestine, State of",PS,Pais ISO 3166-1 alfa-2: PS,Misc,N/A,,,,,,,,,,,
7b7087b1-c8e3-5b37-b278-2f1d43b7d92f,,ISO-3166:PA,Panama,PA,ISO 3166-1 alpha-2 country: PA,,,,Panama,PA,Pais ISO 3166-1 alfa-2: PA,Misc,N/A,,,,,,,,,,,
91c7ce7b-d321-50f8-8cf8-142509e14176,,ISO-3166:PG,Papua New Guinea,PG,ISO 3166-1 alpha-2 country: PG,,,,Papua New Guinea,PG,Pais ISO 3166-1 alfa-2: PG,Misc,N/A,,,,,,,,,,,
de4c5a5b-8f7c-5155-9521-81357223584d,,ISO-3166:PY,Paraguay,PY,ISO 3166-1 alpha-2 country: PY,,,,Paraguay,PY,Pais ISO 3166-1 alfa-2: PY,Misc,N/A,,,,,,,,,,,
041b546d-7360-54ad-b6da-75a223269cd1,,ISO-3166:PE,Peru,PE,ISO 3166-1 alpha-2 country: PE,,,,Peru,PE,Pais ISO 3166-1 alfa-2: PE,Misc,N/A,,,,,,,,,,,
0a9ce5ad-a200-5999-b7db-d786880044ae,,ISO-3166:PH,Philippines (the),PH,ISO 3166-1 alpha-2 country: PH,,,,Philippines (the),PH,Pais ISO 3166-1 alfa-2: PH,Misc,N/A,,,,,,,,,,,
5033f7e8-e452-54a5-a07a-ecffc3b5e1ef,,ISO-3166:PN,Pitcairn,PN,ISO 3166-1 alpha-2 country: PN,,,,Pitcairn,PN,Pais ISO 3166-1 alfa-2: PN,Misc,N/A,,,,,,,,,,,
64884222-f6be-572e-ab4e-d691bdf8ee0b,,ISO-3166:PL,Poland,PL,ISO 3166-1 alpha-2 country: PL,,,,Poland,PL,Pais ISO 3166-1 alfa-2: PL,Misc,N/A,,,,,,,,,,,
51723284-3fa7-5633-b06a-b5f5bab6bfa9,,ISO-3166:PT,Portugal,PT,ISO 3166-1 alpha-2 country: PT,,,,Portugal,PT,Pais ISO 3166-1 alfa-2: PT,Misc,N/A,,,,,,,,,,,
ddf18e80-88e7-537c-b0e9-d1ebed365e28,,ISO-3166:PR,Puerto Rico,PR,ISO 3166-1 alpha-2 country: PR,,,,Puerto Rico,PR,Pais ISO 3166-1 alfa-2: PR,Misc,N/A,,,,,,,,,,,
d50d6f1f-a661-5fe8-8b54-ddd77deb29b7,,ISO-3166:QA,Qatar,QA,ISO 3166-1 alpha-2 country: QA,,,,Qatar,QA,Pais ISO 3166-1 alfa-2: QA,Misc,N/A,,,,,,,,,,,
6e8c3f31-4f25-5676-8a1b-6e6b13249537,,ISO-3166:RO,Romania,RO,ISO 3166-1 alpha-2 country: RO,,,,Romania,RO,Pais ISO 3166-1 alfa-2: RO,Misc,N/A,,,,,,,,,,,
4d526e30-eaf3-5051-95a6-7c830d8e7863,,ISO-3166:RU,Russian Federation (the),RU,ISO 3166-1 alpha-2 country: RU,,,,Russian Federation (the),RU,Pais ISO 3166-1 alfa-2: RU,Misc,N/A,,,,,,,,,,,
2230bad7-2a9b-599d-a8b8-840c5de4bee7,,ISO-3166:RW,Rwanda,RW,ISO 3166-1 alpha-2 country: RW,,,,Rwanda,RW,Pais ISO 3166-1 alfa-2: RW,Misc,N/A,,,,,,,,,,,
7dad8445-4215-59e9-a61d-a0cafaec623a,,ISO-3166:RE,Réunion,RE,ISO 3166-1 alpha-2 country: RE,,,,Réunion,RE,Pais ISO 3166-1 alfa-2: RE,Misc,N/A,,,,,,,,,,,
0b6f2101-64ed-5665-8db9-0d021ce34ab4,,ISO-3166:BL,Saint Barthélemy,BL,ISO 3166-1 alpha-2 country: BL,,,,Saint Barthélemy,BL,Pais ISO 3166-1 alfa-2: BL,Misc,N/A,,,,,,,,,,,
a9d21f9c-d58f-52e1-8af6-7a79ab12b260,,ISO-3166:SH,"Saint Helena, Ascension and Tristan da Cunha",SH,ISO 3166-1 alpha-2 country: SH,,,,"Saint Helena, Ascension and Tristan da Cunha",SH,Pais ISO 3166-1 alfa-2: SH,Misc,N/A,,,,,,,,,,,
9ba0f721-5e91-5a34-80b6-7cb6f44b6de3,,ISO-3166:KN,Saint Kitts and Nevis,KN,ISO 3166-1 alpha-2 country: KN,,,,Saint Kitts and Nevis,KN,Pais ISO 3166-1 alfa-2: KN,Misc,N/A,,,,,,,,,,,
28a1aec7-3592-59fb-acf6-10dc61412bb4,,ISO-3166:LC,Saint Lucia,LC,ISO 3166-1 alpha-2 country: LC,,,,Saint Lucia,LC,Pais ISO 3166-1 alfa-2: LC,Misc,N/A,,,,,,,,,,,
49742436-02f1-5f2a-97ba-c5c347a223f0,,ISO-3166:MF,Saint Martin (French part),MF,ISO 3166-1 alpha-2 country: MF,,,,Saint Martin (French part),MF,Pais ISO 3166-1 alfa-2: MF,Misc,N/A,,,,,,,,,,,
171a05bb-03fa-5d4f-869d-15d0472fe19b,,ISO-3166:PM,Saint Pierre and Miquelon,PM,ISO 3166-1 alpha-2 country: PM,,,,Saint Pierre and Miquelon,PM,Pais ISO 3166-1 alfa-2: PM,Misc,N/A,,,,,,,,,,,
be223452-22e2-5d65-a1c4-959581da3b2a,,ISO-3166:VC,Saint Vincent and the Grenadines,VC,ISO 3166-1 alpha-2 country: VC,,,,Saint Vincent and the Grenadines,VC,Pais ISO 3166-1 alfa-2: VC,Misc,N/A,,,,,,,,,,,
c9a8651e-c009-5955-a143-9c808167cf93,,ISO-3166:WS,Samoa,WS,ISO 3166-1 alpha-2 country: WS,,,,Samoa,WS,Pais ISO 3166-1 alfa-2: WS,Misc,N/A,,,,,,,,,,,
cc5d86a7-d085-5984-b038-1691c571f68f,,ISO-3166:SM,San Marino,SM,ISO 3166-1 alpha-2 country: SM,,,,San Marino,SM,Pais ISO 3166-1 alfa-2: SM,Misc,N/A,,,,,,,,,,,
f63eb7df-0801-5914-b758-8d261f328051,,ISO-3166:ST,Sao Tome and Principe,ST,ISO 3166-1 alpha-2 country: ST,,,,Sao Tome and Principe,ST,Pais ISO 3166-1 alfa-2: ST,Misc,N/A,,,,,,,,,,,
3d24aa31-40a0-5993-b0b2-553d27a4f3e6,,ISO-3166:SA,Saudi Arabia,SA,ISO 3166-1 alpha-2 country: SA,,,,Saudi Arabia,SA,Pais ISO 3166-1 alfa-2: SA,Misc,N/A,,,,,,,,,,,
9125c2ed-395c-59d9-b7b7-fc49029bd93d,,ISO-3166:SN,Senegal,SN,ISO 3166-1 alpha-2 country: SN,,,,Senegal,SN,Pais ISO 3166-1 alfa-2: SN,Misc,N/A,,,,,,,,,,,
e45ce695-d93b-5fee-a645-ec53765812b6,,ISO-3166:RS,Serbia,RS,ISO 3166-1 alpha-2 country: RS,,,,Serbia,RS,Pais ISO 3166-1 alfa-2: RS,Misc,N/A,,,,,,,,,,,
e303b437-279a-5288-8648-5bcfebfe7404,,ISO-3166:SC,Seychelles,SC,ISO 3166-1 alpha-2 country: SC,,,,Seychelles,SC,Pais ISO 3166-1 alfa-2: SC,Misc,N/A,,,,,,,,,,,
c8bd87b6-49be-53f2-8a17-b05caed3ee65,,ISO-3166:SL,Sierra Leone,SL,ISO 3166-1 alpha-2 country: SL,,,,Sierra Leone,SL,Pais ISO 3166-1 alfa-2: SL,Misc,N/A,,,,,,,,,,,
a3ac37d4-5d2d-58a0-aae2-2974e026a913,,ISO-3166:SG,Singapore,SG,ISO 3166-1 alpha-2 country: SG,,,,Singapore,SG,Pais ISO 3166-1 alfa-2: SG,Misc,N/A,,,,,,,,,,,
2cebe4c1-2a73-5a87-a5f8-5e98eafe61b2,,ISO-3166:SX,Sint Maarten (Dutch part),SX,ISO 3166-1 alpha-2 country: SX,,,,Sint Maarten (Dutch part),SX,Pais ISO 3166-1 alfa-2: SX,Misc,N/A,,,,,,,,,,,
d77d88de-e165-5825-8a04-a4dcd43984ef,,ISO-3166:SK,Slovakia,SK,ISO 3166-1 alpha-2 country: SK,,,,Slovakia,SK,Pais ISO 3166-1 alfa-2: SK,Misc,N/A,,,,,,,,,,,
4f5a9953-a3f4-5117-ac5e-39d96616a14c,,ISO-3166:SI,Slovenia,SI,ISO 3166-1 alpha-2 country: SI,,,,Slovenia,SI,Pais ISO 3166-1 alfa-2: SI,Misc,N/A,,,,,,,,,,,
aed83ef2-bdd0-5e6a-b796-06fa99d377a2,,ISO-3166:SB,Solomon Islands,SB,ISO 3166-1 alpha-2 country: SB,,,,Solomon Islands,SB,Pais ISO 3166-1 alfa-2: SB,Misc,N/A,,,,,,,,,,,
e44d95e7-c044-5eb0-b373-f075d847fa37,,ISO-3166:SO,Somalia,SO,ISO 3166-1 alpha-2 country: SO,,,,Somalia,SO,Pais ISO 3166-1 alfa-2: SO,Misc,N/A,,,,,,,,,,,
6865d68d-16e1-5591-83db-8a55cb9716ef,,ISO-3166:ZA,South Africa,ZA,ISO 3166-1 alpha-2 country: ZA,,,,South Africa,ZA,Pais ISO 3166-1 alfa-2: ZA,Misc,N/A,,,,,,,,,,,
9d2f87b3-2c43-580d-9cae-c83db8253c1b,,ISO-3166:GS,South Georgia and the South Sandwich Islands,GS,ISO 3166-1 alpha-2 country: GS,,,,South Georgia and the South Sandwich Islands,GS,Pais ISO 3166-1 alfa-2: GS,Misc,N/A,,,,,,,,,,,
918c799d-c1d0-5517-8ab2-10a1507df8cf,,ISO-3166:SS,South Sudan,SS,ISO 3166-1 alpha-2 country: SS,,,,South Sudan,SS,Pais ISO 3166-1 alfa-2: SS,Misc,N/A,,,,,,,,,,,
643faed3-ad0e-5842-baea-ce6133b8f582,,ISO-3166:ES,Spain,ES,ISO 3166-1 alpha-2 country: ES,,,,Spain,ES,Pais ISO 3166-1 alfa-2: ES,Misc,N/A,,,,,,,,,,,
8e0ea558-f659-52a9-bd9f-9ec2ecf0a721,,ISO-3166:LK,Sri Lanka,LK,ISO 3166-1 alpha-2 country: LK,,,,Sri Lanka,LK,Pais ISO 3166-1 alfa-2: LK,Misc,N/A,,,,,,,,,,,
6c132528-b2f9-5cfb-888d-0ae2a2e2dcd4,,ISO-3166:SD,Sudan (the),SD,ISO 3166-1 alpha-2 country: SD,,,,Sudan (the),SD,Pais ISO 3166-1 alfa-2: SD,Misc,N/A,,,,,,,,,,,
ec80a26e-6052-5aed-a002-474c654603ea,,ISO-3166:SR,Suriname,SR,ISO 3166-1 alpha-2 country: SR,,,,Suriname,SR,Pais ISO 3166-1 alfa-2: SR,Misc,N/A,,,,,,,,,,,
0570af4f-319f-534b-9037-c271c5e18c8b,,ISO-3166:SJ,Svalbard and Jan Mayen,SJ,ISO 3166-1 alpha-2 country: SJ,,,,Svalbard and Jan Mayen,SJ,Pais ISO 3166-1 alfa-2: SJ,Misc,N/A,,,,,,,,,,,
d8726320-ae9e-5d7c-b154-38dec3d9a0ed,,ISO-3166:SE,Sweden,SE,ISO 3166-1 alpha-2 country: SE,,,,Sweden,SE,Pais ISO 3166-1 alfa-2: SE,Misc,N/A,,,,,,,,,,,
b7bfa8d3-7297-5b82-bf4f-ff3646b945fd,,ISO-3166:CH,Switzerland,CH,ISO 3166-1 alpha-2 country: CH,,,,Switzerland,CH,Pais ISO 3166-1 alfa-2: CH,Misc,N/A,,,,,,,,,,,
899380b5-4b24-5e86-b985-f2cf01f6f35b,,ISO-3166:SY,Syrian Arab Republic (the),SY,ISO 3166-1 alpha-2 country: SY,,,,Syrian Arab Republic (the),SY,Pais ISO 3166-1 alfa-2: SY,Misc,N/A,,,,,,,,,,,
d9d25c67-c717-5ca3-96a9-68b862a023a9,,ISO-3166:TW,Taiwan (Province of China),TW,ISO 3166-1 alpha-2 country: TW,,,,Taiwan (Province of China),TW,Pais ISO 3166-1 alfa-2: TW,Misc,N/A,,,,,,,,,,,
f3b09e18-981b-5b1d-b227-5887ce812473,,ISO-3166:TJ,Tajikistan,TJ,ISO 3166-1 alpha-2 country: TJ,,,,Tajikistan,TJ,Pais ISO 3166-1 alfa-2: TJ,Misc,N/A,,,,,,,,,,,
627ee130-07a7-53ea-80dd-9bdfea88b415,,ISO-3166:TZ,"Tanzania, the United Republic of",TZ,ISO 3166-1 alpha-2 country: TZ,,,,"Tanzania, the United Republic of",TZ,Pais ISO 3166-1 alfa-2: TZ,Misc,N/A,,,,,,,,,,,
933b126b-ef27-5f25-a08d-15e71193f37a,,ISO-3166:TH,Thailand,TH,ISO 3166-1 alpha-2 country: TH,,,,Thailand,TH,Pais ISO 3166-1 alfa-2: TH,Misc,N/A,,,,,,,,,,,
374c06ce-d33d-5e53-af4a-eb9f83e52a75,,ISO-3166:TL,Timor-Leste,TL,ISO 3166-1 alpha-2 country: TL,,,,Timor-Leste,TL,Pais ISO 3166-1 alfa-2: TL,Misc,N/A,,,,,,,,,,,
3fca3311-9c5f-56ef-af4d-65663b726808,,ISO-3166:TG,Togo,TG,ISO 3166-1 alpha-2 country: TG,,,,Togo,TG,Pais ISO 3166-1 alfa-2: TG,Misc,N/A,,,,,,,,,,,
6fc84993-aefa-5756-9bc3-c8403ce213d9,,ISO-3166:TK,Tokelau,TK,ISO 3166-1 alpha-2 country: TK,,,,Tokelau,TK,Pais ISO 3166-1 alfa-2: TK,Misc,N/A,,,,,,,,,,,
217445b5-d856-5c7c-9f5a-abd63418b28f,,ISO-3166:TO,Tonga,TO,ISO 3166-1 alpha-2 country: TO,,,,Tonga,TO,Pais ISO 3166-1 alfa-2: TO,Misc,N/A,,,,,,,,,,,
9bbc9830-0de1-5d30-8642-86d752548c10,,ISO-3166:TT,Trinidad and Tobago,TT,ISO 3166-1 alpha-2 country: TT,,,,Trinidad and Tobago,TT,Pais ISO 3166-1 alfa-2: TT,Misc,N/A,,,,,,,,,,,
5d7f149c-97e4-5e28-be54-e300b5043e68,,ISO-3166:TN,Tunisia,TN,ISO 3166-1 alpha-2 country: TN,,,,Tunisia,TN,Pais ISO 3166-1 alfa-2: TN,Misc,N/A,,,,,,,,,,,
cfed652a-cb48-5d0f-a354-ea077fee0cb9,,ISO-3166:TR,Turkey,TR,ISO 3166-1 alpha-2 country: TR,,,,Turkey,TR,Pais ISO 3166-1 alfa-2: TR,Misc,N/A,,,,,,,,,,,
70769f46-42d6-58bc-831c-5accbd549eb2,,ISO-3166:TM,Turkmenistan,TM,ISO 3166-1 alpha-2 country: TM,,,,Turkmenistan,TM,Pais ISO 3166-1 alfa-2: TM,Misc,N/A,,,,,,,,,,,
2ca8ea02-cf07-5cae-98a7-eac64c7560c7,,ISO-3166:TC,Turks and Caicos Islands (the),TC,ISO 3166-1 alpha-2 country: TC,,,,Turks and Caicos Islands (the),TC,Pais ISO 3166-1 alfa-2: TC,Misc,N/A,,,,,,,,,,,
7c4770a6-da01-50b1-8654-d23d314ef654,,ISO-3166:TV,Tuvalu,TV,ISO 3166-1 alpha-2 country: TV,,,,Tuvalu,TV,Pais ISO 3166-1 alfa-2: TV,Misc,N/A,,,,,,,,,,,
ad5e76ed-2f87-5a80-96d5-f94778b21904,,ISO-3166:UG,Uganda,UG,ISO 3166-1 alpha-2 country: UG,,,,Uganda,UG,Pais ISO 3166-1 alfa-2: UG,Misc,N/A,,,,,,,,,,,
11b5e99e-0f66-59d5-87ef-f524b912ce6b,,ISO-3166:UA,Ukraine,UA,ISO 3166-1 alpha-2 country: UA,,,,Ukraine,UA,Pais ISO 3166-1 alfa-2: UA,Misc,N/A,,,,,,,,,,,
8eaf413c-e50e-5f24-8aba-2a6fd30d79e6,,ISO-3166:AE,United Arab Emirates (the),AE,ISO 3166-1 alpha-2 country: AE,,,,United Arab Emirates (the),AE,Pais ISO 3166-1 alfa-2: AE,Misc,N/A,,,,,,,,,,,
6fb7520a-51fd-5bef-8858-2cc14bd6a517,,ISO-3166:GB,United Kingdom of Great Britain and Northern Ireland (the),GB,ISO 3166-1 alpha-2 country: GB,,,,United Kingdom of Great Britain and Northern Ireland (the),GB,Pais ISO 3166-1 alfa-2: GB,Misc,N/A,,,,,,,,,,,
674c8607-7ff3-5441-a18d-8858f6d1ac6c,,ISO-3166:UM,United States Minor Outlying Islands (the),UM,ISO 3166-1 alpha-2 country: UM,,,,United States Minor Outlying Islands (the),UM,Pais ISO 3166-1 alfa-2: UM,Misc,N/A,,,,,,,,,,,
376a4deb-8b31-59e7-a349-dfdedab0e9c4,,ISO-3166:US,United States of America (the),US,ISO 3166-1 alpha-2 country: US,,,,United States of America (the),US,Pais ISO 3166-1 alfa-2: US,Misc,N/A,,,,,,,,,,,
a910a0fa-ed74-526e-a2fd-0336a783476a,,ISO-3166:UY,Uruguay,UY,ISO 3166-1 alpha-2 country: UY,,,,Uruguay,UY,Pais ISO 3166-1 alfa-2: UY,Misc,N/A,,,,,,,,,,,
59c0ed83-c605-5dd7-929c-95897a58cb5f,,ISO-3166:UZ,Uzbekistan,UZ,ISO 3166-1 alpha-2 country: UZ,,,,Uzbekistan,UZ,Pais ISO 3166-1 alfa-2: UZ,Misc,N/A,,,,,,,,,,,
bc5a69e4-8dc9-53fb-8eec-2a1c9105a544,,ISO-3166:VU,Vanuatu,VU,ISO 3166-1 alpha-2 country: VU,,,,Vanuatu,VU,Pais ISO 3166-1 alfa-2: VU,Misc,N/A,,,,,,,,,,,
0f9f966d-0acd-5b38-9393-595884ad64aa,,ISO-3166:VE,Venezuela (Bolivarian Republic of),VE,ISO 3166-1 alpha-2 country: VE,,,,Venezuela (Bolivarian Republic of),VE,Pais ISO 3166-1 alfa-2: VE,Misc,N/A,,,,,,,,,,,
fb53f4c3-277b-5595-a52e-76468269c02a,,ISO-3166:VN,Viet Nam,VN,ISO 3166-1 alpha-2 country: VN,,,,Viet Nam,VN,Pais ISO 3166-1 alfa-2: VN,Misc,N/A,,,,,,,,,,,
ea5d0eed-8d16-5449-90de-0a0d3f9bbaab,,ISO-3166:VG,Virgin Islands (British),VG,ISO 3166-1 alpha-2 country: VG,,,,Virgin Islands (British),VG,Pais ISO 3166-1 alfa-2: VG,Misc,N/A,,,,,,,,,,,
6e8a648f-1e0b-5f55-8dd3-1468bc345a77,,ISO-3166:VI,Virgin Islands (U.S.),VI,ISO 3166-1 alpha-2 country: VI,,,,Virgin Islands (U.S.),VI,Pais ISO 3166-1 alfa-2: VI,Misc,N/A,,,,,,,,,,,
0a90433b-d27c-5256-baea-e213c539e5c1,,ISO-3166:WF,Wallis and Futuna,WF,ISO 3166-1 alpha-2 country: WF,,,,Wallis and Futuna,WF,Pais ISO 3166-1 alfa-2: WF,Misc,N/A,,,,,,,,,,,
5496786a-e1f2-5064-92fd-2b5887e0039c,,ISO-3166:EH,Western Sahara*,EH,ISO 3166-1 alpha-2 country: EH,,,,Western Sahara*,EH,Pais ISO 3166-1 alfa-2: EH,Misc,N/A,,,,,,,,,,,
92511cfb-7f99-5296-a69b-313e602b181a,,ISO-3166:YE,Yemen,YE,ISO 3166-1 alpha-2 country: YE,,,,Yemen,YE,Pais ISO 3166-1 alfa-2: YE,Misc,N/A,,,,,,,,,,,
15041323-2833-58d5-9da9-27f5a0879c88,,ISO-3166:ZM,Zambia,ZM,ISO 3166-1 alpha-2 country: ZM,,,,Zambia,ZM,Pais ISO 3166-1 alfa-2: ZM,Misc,N/A,,,,,,,,,,,
ce89f2c5-4e6d-5397-bb21-637946bb8055,,ISO-3166:ZW,Zimbabwe,ZW,ISO 3166-1 alpha-2 country: ZW,,,,Zimbabwe,ZW,Pais ISO 3166-1 alfa-2: ZW,Misc,N/A,,,,,,,,,,,
eb8659ec-6001-5e93-add5-2829dd3ada16,,ISO-3166:AX,Åland Islands,AX,ISO 3166-1 alpha-2 country: AX,,,,Åland Islands,AX,Pais ISO 3166-1 alfa-2: AX,Misc,N/A,,,,,,,,,,,
96e435ad-e606-5f88-a78a-6f037bab4b7b,,,Country of destination,Country of destination,Destination country selected from ISO 3166-1 alpha-2 country list,,,,Pais de destino,Pais de destino,Pais de destino seleccionado desde listado ISO 3166-1 alfa-2,Question,Coded,,ISO-3166:AF;ISO-3166:AL;ISO-3166:DZ;ISO-3166:AS;ISO-3166:AD;ISO-3166:AO;ISO-3166:AI;ISO-3166:AQ;ISO-3166:AG;ISO-3166:AR;ISO-3166:AM;ISO-3166:AW;ISO-3166:AU;ISO-3166:AT;ISO-3166:AZ;ISO-3166:BS;ISO-3166:BH;ISO-3166:BD;ISO-3166:BB;ISO-3166:BY;ISO-3166:BE;ISO-3166:BZ;ISO-3166:BJ;ISO-3166:BM;ISO-3166:BT;ISO-3166:BO;ISO-3166:BQ;ISO-3166:BA;ISO-3166:BW;ISO-3166:BV;ISO-3166:BR;ISO-3166:IO;ISO-3166:BN;ISO-3166:BG;ISO-3166:BF;ISO-3166:BI;ISO-3166:CV;ISO-3166:KH;ISO-3166:CM;ISO-3166:CA;ISO-3166:KY;ISO-3166:CF;ISO-3166:TD;ISO-3166:CL;ISO-3166:CN;ISO-3166:CX;ISO-3166:CC;ISO-3166:CO;ISO-3166:KM;ISO-3166:CD;ISO-3166:CG;ISO-3166:CK;ISO-3166:CR;ISO-3166:HR;ISO-3166:CU;ISO-3166:CW;ISO-3166:CY;ISO-3166:CZ;ISO-3166:CI;ISO-3166:DK;ISO-3166:DJ;ISO-3166:DM;ISO-3166:DO;ISO-3166:EC;ISO-3166:EG;ISO-3166:SV;ISO-3166:GQ;ISO-3166:ER;ISO-3166:EE;ISO-3166:SZ;ISO-3166:ET;ISO-3166:FK;ISO-3166:FO;ISO-3166:FJ;ISO-3166:FI;ISO-3166:FR;ISO-3166:GF;ISO-3166:PF;ISO-3166:TF;ISO-3166:GA;ISO-3166:GM;ISO-3166:GE;ISO-3166:DE;ISO-3166:GH;ISO-3166:GI;ISO-3166:GR;ISO-3166:GL;ISO-3166:GD;ISO-3166:GP;ISO-3166:GU;ISO-3166:GT;ISO-3166:GG;ISO-3166:GN;ISO-3166:GW;ISO-3166:GY;ISO-3166:HT;ISO-3166:HM;ISO-3166:VA;ISO-3166:HN;ISO-3166:HK;ISO-3166:HU;ISO-3166:IS;ISO-3166:IN;ISO-3166:ID;ISO-3166:IR;ISO-3166:IQ;ISO-3166:IE;ISO-3166:IM;ISO-3166:IL;ISO-3166:IT;ISO-3166:JM;ISO-3166:JP;ISO-3166:JE;ISO-3166:JO;ISO-3166:KZ;ISO-3166:KE;ISO-3166:KI;ISO-3166:KP;ISO-3166:KR;ISO-3166:KW;ISO-3166:KG;ISO-3166:LA;ISO-3166:LV;ISO-3166:LB;ISO-3166:LS;ISO-3166:LR;ISO-3166:LY;ISO-3166:LI;ISO-3166:LT;ISO-3166:LU;ISO-3166:MO;ISO-3166:MG;ISO-3166:MW;ISO-3166:MY;ISO-3166:MV;ISO-3166:ML;ISO-3166:MT;ISO-3166:MH;ISO-3166:MQ;ISO-3166:MR;ISO-3166:MU;ISO-3166:YT;ISO-3166:MX;ISO-3166:FM;ISO-3166:MD;ISO-3166:MC;ISO-3166:MN;ISO-3166:ME;ISO-3166:MS;ISO-3166:MA;ISO-3166:MZ;ISO-3166:MM;ISO-3166:NA;ISO-3166:NR;ISO-3166:NP;ISO-3166:NL;ISO-3166:NC;ISO-3166:NZ;ISO-3166:NI;ISO-3166:NE;ISO-3166:NG;ISO-3166:NU;ISO-3166:NF;ISO-3166:MK;ISO-3166:MP;ISO-3166:NO;ISO-3166:OM;ISO-3166:PK;ISO-3166:PW;ISO-3166:PS;ISO-3166:PA;ISO-3166:PG;ISO-3166:PY;ISO-3166:PE;ISO-3166:PH;ISO-3166:PN;ISO-3166:PL;ISO-3166:PT;ISO-3166:PR;ISO-3166:QA;ISO-3166:RO;ISO-3166:RU;ISO-3166:RW;ISO-3166:RE;ISO-3166:BL;ISO-3166:SH;ISO-3166:KN;ISO-3166:LC;ISO-3166:MF;ISO-3166:PM;ISO-3166:VC;ISO-3166:WS;ISO-3166:SM;ISO-3166:ST;ISO-3166:SA;ISO-3166:SN;ISO-3166:RS;ISO-3166:SC;ISO-3166:SL;ISO-3166:SG;ISO-3166:SX;ISO-3166:SK;ISO-3166:SI;ISO-3166:SB;ISO-3166:SO;ISO-3166:ZA;ISO-3166:GS;ISO-3166:SS;ISO-3166:ES;ISO-3166:LK;ISO-3166:SD;ISO-3166:SR;ISO-3166:SJ;ISO-3166:SE;ISO-3166:CH;ISO-3166:SY;ISO-3166:TW;ISO-3166:TJ;ISO-3166:TZ;ISO-3166:TH;ISO-3166:TL;ISO-3166:TG;ISO-3166:TK;ISO-3166:TO;ISO-3166:TT;ISO-3166:TN;ISO-3166:TR;ISO-3166:TM;ISO-3166:TC;ISO-3166:TV;ISO-3166:UG;ISO-3166:UA;ISO-3166:AE;ISO-3166:GB;ISO-3166:UM;ISO-3166:US;ISO-3166:UY;ISO-3166:UZ;ISO-3166:VU;ISO-3166:VE;ISO-3166:VN;ISO-3166:VG;ISO-3166:VI;ISO-3166:WF;ISO-3166:EH;ISO-3166:YE;ISO-3166:ZM;ISO-3166:ZW;ISO-3166:AX,,,,,,,,,
